case	ecli	celex
C-307/10	ECLI:EU:C:2012:361	62010CJ0307
C-322/10	ECLI:EU:C:2011:773	62010CJ0322
C-564/10	ECLI:EU:C:2012:190	62010CJ0564
C-615/10	ECLI:EU:C:2012:324	62010CJ0615
C-71/11	ECLI:EU:C:2012:518	62011CJ0071
C-180/11	ECLI:EU:C:2012:717	62011CJ0180
C-376/11	ECLI:EU:C:2012:502	62011CJ0376
C-561/11	ECLI:EU:C:2013:91	62011CJ0561
C-141/12	ECLI:EU:C:2014:2081	62012CJ0141
C-278/12	ECLI:EU:C:2012:508	62012CJ0278
C-358/12	ECLI:EU:C:2014:2063	62012CJ0358
C-400/12	ECLI:EU:C:2014:9	62012CJ0400
C-457/12	ECLI:EU:C:2014:136	62012CJ0457
C-464/12	ECLI:EU:C:2014:139	62012CJ0464
C-473/12	ECLI:EU:C:2013:715	62012CJ0473
C-573/12	ECLI:EU:C:2014:2037	62012CJ0573
C-39/13	ECLI:EU:C:2014:1758	62013CJ0039
C-165/13	ECLI:EU:C:2014:2042	62013CJ0165
C-173/13	ECLI:EU:C:2014:2090	62013CJ0173
C-183/13	ECLI:EU:C:2014:2056	62013CJ0183
C-307/13	ECLI:EU:C:2014:2058	62013CJ0307
C-338/13	ECLI:EU:C:2014:2092	62013CJ0338
C-357/13	ECLI:EU:C:2015:253	62013CJ0357
C-421/13	ECLI:EU:C:2014:2070	62013CJ0421
C-473/13	ECLI:EU:C:2014:2095	62013CJ0473
C-512/13	ECLI:EU:C:2015:108	62013CJ0512
C-524/13	ECLI:EU:C:2014:2045	62013CJ0524
C-527/13	ECLI:EU:C:2015:215	62013CJ0527
C-557/13	ECLI:EU:C:2015:227	62013CJ0557
C-559/13	ECLI:EU:C:2015:109	62013CJ0559
C-580/13	ECLI:EU:C:2015:485	62013CJ0580
C-601/13	ECLI:EU:C:2015:204	62013CJ0601
C-3/14	ECLI:EU:C:2015:232	62014CJ0003
C-4/14	ECLI:EU:C:2015:563	62014CJ0004
C-20/14	ECLI:EU:C:2015:714	62014CJ0020
C-39/14	ECLI:EU:C:2015:470	62014CJ0039
C-61/14	ECLI:EU:C:2015:655	62014CJ0061
C-169/14	ECLI:EU:C:2014:2099	62014CJ0169
C-203/14	ECLI:EU:C:2015:664	62014CJ0203
C-234/14	ECLI:EU:C:2016:6	62014CJ0234
C-240/14	ECLI:EU:C:2015:567	62014CJ0240
C-297/14	ECLI:EU:C:2015:844	62014CJ0297
C-306/14	ECLI:EU:C:2015:689	62014CJ0306
C-310/14	ECLI:EU:C:2015:690	62014CJ0310
C-335/14	ECLI:EU:C:2016:36	62014CJ0335
C-376/14	ECLI:EU:C:2014:2268	62014CJ0376
C-404/14	ECLI:EU:C:2015:653	62014CJ0404
C-422/14	ECLI:EU:C:2015:743	62014CJ0422
C-441/14	ECLI:EU:C:2016:278	62014CJ0441
C-443/14	ECLI:EU:C:2016:127	62014CJ0443
C-5/15	ECLI:EU:C:2016:218	62015CJ0005
C-15/15	ECLI:EU:C:2016:464	62015CJ0015
C-40/15	ECLI:EU:C:2016:172	62015CJ0040
C-96/15	ECLI:EU:C:2016:450	62015CJ0096
C-159/15	ECLI:EU:C:2016:451	62015CJ0159
C-174/15	ECLI:EU:C:2016:856	62015CJ0174
C-216/15	ECLI:EU:C:2016:883	62015CJ0216
C-256/15	ECLI:EU:C:2016:954	62015CJ0256
C-333/15	ECLI:EU:C:2016:426	62015CJ0333
C-336/15	ECLI:EU:C:2017:276	62015CJ0336
C-436/15	ECLI:EU:C:2017:468	62015CJ0436
C-458/15	ECLI:EU:C:2019:522	62015CJ0458
C-465/15	ECLI:EU:C:2017:640	62015CJ0465
C-529/15	ECLI:EU:C:2017:419	62015CJ0529
C-531/15	ECLI:EU:C:2017:789	62015CJ0531
C-535/15	ECLI:EU:C:2017:315	62015CJ0535
C-617/15	ECLI:EU:C:2017:390	62015CJ0617
C-638/15	ECLI:EU:C:2017:277	62015CJ0638
C-670/15	ECLI:EU:C:2017:594	62015CJ0670
C-672/15	ECLI:EU:C:2017:310	62015CJ0672
C-701/15	ECLI:EU:C:2017:545	62015CJ0701
C-13/16	ECLI:EU:C:2017:336	62016CJ0013
C-48/16	ECLI:EU:C:2017:377	62016CJ0048
C-102/16	ECLI:EU:C:2017:1012	62016CJ0102
C-147/16	ECLI:EU:C:2018:320	62016CJ0147
C-158/16	ECLI:EU:C:2017:1014	62016CJ0158
C-177/16	ECLI:EU:C:2017:689	62016CJ0177
C-206/16	ECLI:EU:C:2017:572	62016CJ0206
C-217/16	ECLI:EU:C:2017:841	62016CJ0217
C-224/16	ECLI:EU:C:2017:880	62016CJ0224
C-270/16	ECLI:EU:C:2018:17	62016CJ0270
C-274/16	ECLI:EU:C:2018:160	62016CJ0274
C-298/16	ECLI:EU:C:2017:843	62016CJ0298
C-325/16	ECLI:EU:C:2018:326	62016CJ0325
C-370/16	ECLI:EU:C:2018:344	62016CJ0370
C-374/16	ECLI:EU:C:2017:867	62016CJ0374
C-382/16	ECLI:EU:C:2018:366	62016CJ0382
C-383/16	ECLI:EU:C:2017:783	62016CJ0383
C-391/16	ECLI:EU:C:2019:403	62016CJ0391
C-403/16	ECLI:EU:C:2017:960	62016CJ0403
C-470/16	ECLI:EU:C:2018:185	62016CJ0470
C-473/16	ECLI:EU:C:2018:36	62016CJ0473
C-498/16	ECLI:EU:C:2018:37	62016CJ0498
C-510/16	ECLI:EU:C:2018:751	62016CJ0510
C-528/16	ECLI:EU:C:2018:583	62016CJ0528
C-554/16	ECLI:EU:C:2018:406	62016CJ0554
C-565/16	ECLI:EU:C:2018:265	62016CJ0565
C-566/16	ECLI:EU:C:2018:321	62016CJ0566
C-580/16	ECLI:EU:C:2018:261	62016CJ0580
C-594/16	ECLI:EU:C:2018:717	62016CJ0594
C-612/16	ECLI:EU:C:2019:508	62016CJ0612
C-633/16	ECLI:EU:C:2018:371	62016CJ0633
C-638/16	ECLI:EU:C:2017:173	62016CJ0638
C-648/16	ECLI:EU:C:2018:932	62016CJ0648
C-660/16	ECLI:EU:C:2018:372	62016CJ0660
C-665/16	ECLI:EU:C:2018:431	62016CJ0665
C-685/16	ECLI:EU:C:2018:743	62016CJ0685
C-9/17	ECLI:EU:C:2018:142	62017CJ0009
C-28/17	ECLI:EU:C:2018:526	62017CJ0028
C-30/17	ECLI:EU:C:2018:325	62017CJ0030
C-39/17	ECLI:EU:C:2018:438	62017CJ0039
C-40/17	ECLI:EU:C:2019:629	62017CJ0040
C-46/17	ECLI:EU:C:2018:131	62017CJ0046
C-47/17	ECLI:EU:C:2018:900	62017CJ0047
C-61/17	ECLI:EU:C:2018:653	62017CJ0061
C-70/17	ECLI:EU:C:2019:250	62017CJ0070
C-123/17	ECLI:EU:C:2018:632	62017CJ0123
C-147/17	ECLI:EU:C:2018:926	62017CJ0147
C-164/17	ECLI:EU:C:2018:593	62017CJ0164
C-191/17	ECLI:EU:C:2018:809	62017CJ0191
C-216/17	ECLI:EU:C:2018:1034	62017CJ0216
C-219/17	ECLI:EU:C:2018:1023	62017CJ0219
C-239/17	ECLI:EU:C:2018:597	62017CJ0239
C-257/17	ECLI:EU:C:2018:876	62017CJ0257
C-268/17	ECLI:EU:C:2018:602	62017CJ0268
C-312/17	ECLI:EU:C:2018:734	62017CJ0312
C-326/17	ECLI:EU:C:2019:59	62017CJ0326
C-328/17	ECLI:EU:C:2018:958	62017CJ0328
C-337/17	ECLI:EU:C:2018:805	62017CJ0337
C-349/17	ECLI:EU:C:2019:172	62017CJ0349
C-386/17	ECLI:EU:C:2019:24	62017CJ0386
C-388/17	ECLI:EU:C:2019:161	62017CJ0388
C-449/17	ECLI:EU:C:2019:202	62017CJ0449
C-478/17	ECLI:EU:C:2018:812	62017CJ0478
C-484/17	ECLI:EU:C:2018:878	62017CJ0484
C-497/17	ECLI:EU:C:2019:137	62017CJ0497
C-501/17	ECLI:EU:C:2019:288	62017CJ0501
C-518/17	ECLI:EU:C:2018:757	62017CJ0518
C-556/17	ECLI:EU:C:2019:626	62017CJ0556
C-579/17	ECLI:EU:C:2019:162	62017CJ0579
C-581/17	ECLI:EU:C:2019:138	62017CJ0581
C-616/17	ECLI:EU:C:2019:800	62017CJ0616
C-622/17	ECLI:EU:C:2019:566	62017CJ0622
C-635/17	ECLI:EU:C:2019:192	62017CJ0635
C-647/17	ECLI:EU:C:2019:195	62017CJ0647
C-664/17	ECLI:EU:C:2019:496	62017CJ0664
C-673/17	ECLI:EU:C:2019:801	62017CJ0673
C-676/17	ECLI:EU:C:2019:700	62017CJ0676
C-680/17	ECLI:EU:C:2019:627	62017CJ0680
C-692/17	ECLI:EU:C:2019:867	62017CJ0692
C-703/17	ECLI:EU:C:2019:850	62017CJ0703
C-708/17	ECLI:EU:C:2019:1049	62017CJ0708
C-2/18	ECLI:EU:C:2019:962	62018CJ0002
C-22/18	ECLI:EU:C:2019:497	62018CJ0022
C-32/18	ECLI:EU:C:2019:752	62018CJ0032
C-58/18	ECLI:EU:C:2019:467	62018CJ0058
C-94/18	ECLI:EU:C:2019:693	62018CJ0094
C-100/18	ECLI:EU:C:2019:517	62018CJ0100
C-168/18	ECLI:EU:C:2019:1128	62018CJ0168
C-171/18	ECLI:EU:C:2019:839	62018CJ0171
C-198/18	ECLI:EU:C:2019:1001	62018CJ0198
C-220/18	ECLI:EU:C:2018:589	62018CJ0220
C-236/18	ECLI:EU:C:2019:1120	62018CJ0236
C-263/18	ECLI:EU:C:2019:1111	62018CJ0263
C-344/18	ECLI:EU:C:2020:239	62018CJ0344
C-371/18	ECLI:EU:C:2020:45	62018CJ0371
C-394/18	ECLI:EU:C:2020:56	62018CJ0394
C-398/18	ECLI:EU:C:2019:1050	62018CJ0398
C-452/18	ECLI:EU:C:2020:536	62018CJ0452
C-484/18	ECLI:EU:C:2019:970	62018CJ0484
C-555/18	ECLI:EU:C:2019:937	62018CJ0555
C-565/18	ECLI:EU:C:2020:318	62018CJ0565
C-578/18	ECLI:EU:C:2020:35	62018CJ0578
C-581/18	ECLI:EU:C:2020:453	62018CJ0581
C-584/18	ECLI:EU:C:2020:324	62018CJ0584
C-648/18	ECLI:EU:C:2020:723	62018CJ0648
C-649/18	ECLI:EU:C:2020:764	62018CJ0649
C-654/18	ECLI:EU:C:2020:398	62018CJ0654
C-673/18	ECLI:EU:C:2020:531	62018CJ0673
C-693/18	ECLI:EU:C:2020:1040	62018CJ0693
C-706/18	ECLI:EU:C:2019:993	62018CJ0706
C-717/18	ECLI:EU:C:2020:142	62018CJ0717
C-762/18	ECLI:EU:C:2020:504	62018CJ0762
C-778/18	ECLI:EU:C:2020:831	62018CJ0778
C-807/18	ECLI:EU:C:2020:708	62018CJ0807
C-824/18	ECLI:EU:C:2021:153	62018CJ0824
C-2/19	ECLI:EU:C:2020:237	62019CJ0002
C-21/19	ECLI:EU:C:2020:636	62019CJ0021
C-24/19	ECLI:EU:C:2020:503	62019CJ0024
C-59/19	ECLI:EU:C:2020:950	62019CJ0059
C-74/19	ECLI:EU:C:2020:460	62019CJ0074
C-80/19	ECLI:EU:C:2020:569	62019CJ0080
C-86/19	ECLI:EU:C:2020:538	62019CJ0086
C-95/19	ECLI:EU:C:2021:128	62019CJ0095
C-107/19	ECLI:EU:C:2021:722	62019CJ0107
C-112/19	ECLI:EU:C:2020:864	62019CJ0112
C-128/19	ECLI:EU:C:2021:401	62019CJ0128
C-129/19	ECLI:EU:C:2020:566	62019CJ0129
C-186/19	ECLI:EU:C:2020:638	62019CJ0186
C-194/19	ECLI:EU:C:2021:270	62019CJ0194
C-300/19	ECLI:EU:C:2020:898	62019CJ0300
C-311/19	ECLI:EU:C:2020:981	62019CJ0311
C-312/19	ECLI:EU:C:2020:711	62019CJ0312
C-321/19	ECLI:EU:C:2020:866	62019CJ0321
C-331/19	ECLI:EU:C:2020:786	62019CJ0331
C-335/19	ECLI:EU:C:2020:829	62019CJ0335
C-357/19	ECLI:EU:C:2021:1034	62019CJ0357
C-360/19	ECLI:EU:C:2020:805	62019CJ0360
C-383/19	ECLI:EU:C:2021:337	62019CJ0383
C-398/19	ECLI:EU:C:2020:1032	62019CJ0398
C-428/19	ECLI:EU:C:2021:548	62019CJ0428
C-433/19	ECLI:EU:C:2020:900	62019CJ0433
C-437/19	ECLI:EU:C:2021:953	62019CJ0437
C-439/19	ECLI:EU:C:2021:504	62019CJ0439
C-441/19	ECLI:EU:C:2021:9	62019CJ0441
C-456/19	ECLI:EU:C:2020:813	62019CJ0456
C-463/19	ECLI:EU:C:2020:932	62019CJ0463
C-490/19	ECLI:EU:C:2020:1043	62019CJ0490
C-495/19	ECLI:EU:C:2020:431	62019CJ0495
C-504/19	ECLI:EU:C:2021:335	62019CJ0504
C-540/19	ECLI:EU:C:2020:732	62019CJ0540
C-570/19	ECLI:EU:C:2021:664	62019CJ0570
C-598/19	ECLI:EU:C:2021:810	62019CJ0598
C-625/19	ECLI:EU:C:2019:1078	62019CJ0625
C-627/19	ECLI:EU:C:2019:1079	62019CJ0627
C-637/19	ECLI:EU:C:2020:863	62019CJ0637
C-673/19	ECLI:EU:C:2021:127	62019CJ0673
C-707/19	ECLI:EU:C:2021:405	62019CJ0707
C-726/19	ECLI:EU:C:2021:439	62019CJ0726
C-758/19	ECLI:EU:C:2021:603	62019CJ0758
C-800/19	ECLI:EU:C:2021:489	62019CJ0800
C-819/19	ECLI:EU:C:2021:904	62019CJ0819
C-825/19	ECLI:EU:C:2021:869	62019CJ0825
C-836/19	ECLI:EU:C:2021:668	62019CJ0836
C-846/19	ECLI:EU:C:2021:277	62019CJ0846
C-896/19	ECLI:EU:C:2021:311	62019CJ0896
C-901/19	ECLI:EU:C:2021:472	62019CJ0901
C-906/19	ECLI:EU:C:2021:715	62019CJ0906
C-923/19	ECLI:EU:C:2021:475	62019CJ0923
C-930/19	ECLI:EU:C:2021:657	62019CJ0930
C-6/20	ECLI:EU:C:2021:402	62020CJ0006
C-9/20	ECLI:EU:C:2022:88	62020CJ0009
C-13/20	ECLI:EU:C:2021:811	62020CJ0013
C-28/20	ECLI:EU:C:2021:226	62020CJ0028
C-30/20	ECLI:EU:C:2021:604	62020CJ0030
C-39/20	ECLI:EU:C:2021:435	62020CJ0039
C-55/20	ECLI:EU:C:2022:6	62020CJ0055
C-56/20	ECLI:EU:C:2021:333	62020CJ0056
C-71/20	ECLI:EU:C:2021:550	62020CJ0071
C-86/20	ECLI:EU:C:2022:320	62020CJ0086
C-90/20	ECLI:EU:C:2022:37	62020CJ0090
C-123/20	ECLI:EU:C:2021:889	62020CJ0123
C-140/20	ECLI:EU:C:2022:258	62020CJ0140
C-146/20	ECLI:EU:C:2021:1038	62020CJ0146
C-165/20	ECLI:EU:C:2022:42	62020CJ0165
C-175/20	ECLI:EU:C:2022:124	62020CJ0175
C-179/20	ECLI:EU:C:2022:58	62020CJ0179
C-181/20	ECLI:EU:C:2022:51	62020CJ0181
C-192/20	ECLI:EU:C:2021:480	62020CJ0192
C-204/20	ECLI:EU:C:2022:892	62020CJ0204
C-210/20	ECLI:EU:C:2021:445	62020CJ0210
C-231/20	ECLI:EU:C:2021:845	62020CJ0231
C-237/20	ECLI:EU:C:2022:321	62020CJ0237
C-238/20	ECLI:EU:C:2022:57	62020CJ0238
C-253/20	ECLI:EU:C:2022:894	62020CJ0253
C-257/20	ECLI:EU:C:2022:125	62020CJ0257
C-263/20	ECLI:EU:C:2021:1039	62020CJ0263
C-347/20	ECLI:EU:C:2022:59	62020CJ0347
C-353/20	ECLI:EU:C:2022:423	62020CJ0353
C-377/20	ECLI:EU:C:2022:379	62020CJ0377
C-388/20	ECLI:EU:C:2021:913	62020CJ0388
C-394/20	ECLI:EU:C:2021:1044	62020CJ0394
C-410/20	ECLI:EU:C:2022:351	62020CJ0410
C-411/20	ECLI:EU:C:2022:602	62020CJ0411
C-420/20	ECLI:EU:C:2022:679	62020CJ0420
C-436/20	ECLI:EU:C:2022:559	62020CJ0436
C-473/20	ECLI:EU:C:2022:804	62020CJ0473
C-500/20	ECLI:EU:C:2022:563	62020CJ0500
C-531/20	ECLI:EU:C:2022:316	62020CJ0531
C-538/20	ECLI:EU:C:2022:717	62020CJ0538
C-559/20	ECLI:EU:C:2022:317	62020CJ0559
C-561/20	ECLI:EU:C:2022:266	62020CJ0561
C-569/20	ECLI:EU:C:2022:401	62020CJ0569
C-582/20	ECLI:EU:C:2022:114	62020CJ0582
C-589/20	ECLI:EU:C:2022:424	62020CJ0589
C-597/20	ECLI:EU:C:2022:735	62020CJ0597
C-599/20	ECLI:EU:C:2022:457	62020CJ0599
C-612/20	ECLI:EU:C:2022:314	62020CJ0612
C-614/20	ECLI:EU:C:2022:641	62020CJ0614
C-616/20	ECLI:EU:C:2022:781	62020CJ0616
C-617/20	ECLI:EU:C:2022:426	62020CJ0617
C-634/20	ECLI:EU:C:2022:149	62020CJ0634
C-637/20	ECLI:EU:C:2022:304	62020CJ0637
C-638/20	ECLI:EU:C:2022:916	62020CJ0638
C-645/20	ECLI:EU:C:2022:267	62020CJ0645
C-659/20	ECLI:EU:C:2022:642	62020CJ0659
C-705/20	ECLI:EU:C:2022:680	62020CJ0705
C-707/20	ECLI:EU:C:2023:101	62020CJ0707
C-713/20	ECLI:EU:C:2022:782	62020CJ0713
C-721/20	ECLI:EU:C:2022:832	62020CJ0721
C-1/21	ECLI:EU:C:2022:788	62021CJ0001
C-14/21	ECLI:EU:C:2022:604	62021CJ0014
C-20/21	ECLI:EU:C:2022:71	62021CJ0020
C-36/21	ECLI:EU:C:2022:556	62021CJ0036
C-43/21	ECLI:EU:C:2022:425	62021CJ0043
C-56/21	ECLI:EU:C:2022:509	62021CJ0056
C-58/21	ECLI:EU:C:2022:691	62021CJ0058
C-72/21	ECLI:EU:C:2022:312	62021CJ0072
C-77/21	ECLI:EU:C:2022:805	62021CJ0077
C-102/21	ECLI:EU:C:2022:272	62021CJ0102
C-105/21	ECLI:EU:C:2022:511	62021CJ0105
C-111/21	ECLI:EU:C:2022:808	62021CJ0111
C-122/21	ECLI:EU:C:2022:421	62021CJ0122
C-129/21	ECLI:EU:C:2022:833	62021CJ0129
C-146/21	ECLI:EU:C:2022:512	62021CJ0146
C-150/21	ECLI:EU:C:2022:268	62021CJ0150
C-162/21	ECLI:EU:C:2023:30	62021CJ0162
C-180/21	ECLI:EU:C:2022:967	62021CJ0180
C-197/21	ECLI:EU:C:2022:834	62021CJ0197
C-213/21	ECLI:EU:C:2022:532	62021CJ0213
C-215/21	ECLI:EU:C:2022:723	62021CJ0215
C-228/21	ECLI:EU:C:2023:934	62021CJ0228
C-235/21	ECLI:EU:C:2022:739	62021CJ0235
C-243/21	ECLI:EU:C:2022:889	62021CJ0243
C-247/21	ECLI:EU:C:2022:966	62021CJ0247
C-255/21	ECLI:EU:C:2024:98	62021CJ0255
C-280/21	ECLI:EU:C:2023:13	62021CJ0280
C-295/21	ECLI:EU:C:2022:812	62021CJ0295
C-296/21	ECLI:EU:C:2022:918	62021CJ0296
C-338/21	ECLI:EU:C:2023:269	62021CJ0338
C-347/21	ECLI:EU:C:2022:692	62021CJ0347
C-352/21	ECLI:EU:C:2023:344	62021CJ0352
C-354/21	ECLI:EU:C:2023:184	62021CJ0354
C-355/21	ECLI:EU:C:2022:791	62021CJ0355
C-372/21	ECLI:EU:C:2023:59	62021CJ0372
C-375/21	ECLI:EU:C:2023:173	62021CJ0375
C-376/21	ECLI:EU:C:2022:472	62021CJ0376
C-399/21	ECLI:EU:C:2022:648	62021CJ0399
C-403/21	ECLI:EU:C:2023:47	62021CJ0403
C-406/21	ECLI:EU:C:2022:816	62021CJ0406
C-416/21	ECLI:EU:C:2022:689	62021CJ0416
C-453/21	ECLI:EU:C:2023:79	62021CJ0453
C-520/21	ECLI:EU:C:2023:478	62021CJ0520
C-524/21	ECLI:EU:C:2023:100	62021CJ0524
C-565/21	ECLI:EU:C:2023:212	62021CJ0565
C-568/21	ECLI:EU:C:2023:683	62021CJ0568
C-583/21	ECLI:EU:C:2023:872	62021CJ0583
C-595/21	ECLI:EU:C:2022:949	62021CJ0595
C-605/21	ECLI:EU:C:2024:324	62021CJ0605
C-616/21	ECLI:EU:C:2023:280	62021CJ0616
C-628/21	ECLI:EU:C:2023:342	62021CJ0628
C-651/21	ECLI:EU:C:2023:277	62021CJ0651
C-656/21	ECLI:EU:C:2022:1024	62021CJ0656
C-658/21	ECLI:EU:C:2022:925	62021CJ0658
C-671/21	ECLI:EU:C:2023:709	62021CJ0671
C-721/21	ECLI:EU:C:2023:477	62021CJ0721
C-772/21	ECLI:EU:C:2023:305	62021CJ0772
C-810/21	ECLI:EU:C:2024:81	62021CJ0810
C-830/21	ECLI:EU:C:2023:959	62021CJ0830
C-6/22	ECLI:EU:C:2023:216	62022CJ0006
C-11/22	ECLI:EU:C:2023:765	62022CJ0011
C-21/22	ECLI:EU:C:2023:766	62022CJ0021
C-27/22	ECLI:EU:C:2023:663	62022CJ0027
C-47/22	ECLI:EU:C:2023:691	62022CJ0047
C-52/22	ECLI:EU:C:2023:309	62022CJ0052
C-76/22	ECLI:EU:C:2024:890	62022CJ0076
C-86/22	ECLI:EU:C:2023:1023	62022CJ0086
C-143/22	ECLI:EU:C:2023:689	62022CJ0143
C-180/22	ECLI:EU:C:2023:565	62022CJ0180
C-201/22	ECLI:EU:C:2023:914	62022CJ0201
C-206/22	ECLI:EU:C:2023:984	62022CJ0206
C-207/22	ECLI:EU:C:2023:810	62022CJ0207
C-213/22	ECLI:EU:C:2023:904	62022CJ0213
C-218/22	ECLI:EU:C:2024:51	62022CJ0218
C-219/22	ECLI:EU:C:2023:732	62022CJ0219
C-222/22	ECLI:EU:C:2024:192	62022CJ0222
C-234/22	ECLI:EU:C:2024:211	62022CJ0234
C-249/22	ECLI:EU:C:2023:813	62022CJ0249
C-257/22	ECLI:EU:C:2023:852	62022CJ0257
C-271/22	ECLI:EU:C:2023:834	62022CJ0271
C-277/22	ECLI:EU:C:2024:78	62022CJ0277
C-282/22	ECLI:EU:C:2023:312	62022CJ0282
C-294/22	ECLI:EU:C:2023:733	62022CJ0294
C-308/22	ECLI:EU:C:2024:350	62022CJ0308
C-311/22	ECLI:EU:C:2024:145	62022CJ0311
C-313/22	ECLI:EU:C:2023:574	62022CJ0313
C-321/22	ECLI:EU:C:2023:911	62022CJ0321
C-326/22	ECLI:EU:C:2023:775	62022CJ0326
C-329/22	ECLI:EU:C:2023:968	62022CJ0329
C-330/22	ECLI:EU:C:2024:19	62022CJ0330
C-331/22	ECLI:EU:C:2024:496	62022CJ0331
C-336/22	ECLI:EU:C:2024:226	62022CJ0336
C-341/22	ECLI:EU:C:2024:210	62022CJ0341
C-345/22	ECLI:EU:C:2024:349	62022CJ0345
C-355/22	ECLI:EU:C:2023:737	62022CJ0355
C-361/22	ECLI:EU:C:2024:17	62022CJ0361
C-366/22	ECLI:EU:C:2023:876	62022CJ0366
C-371/22	ECLI:EU:C:2024:21	62022CJ0371
C-374/22	ECLI:EU:C:2023:902	62022CJ0374
C-387/22	ECLI:EU:C:2024:786	62022CJ0387
C-391/22	ECLI:EU:C:2023:892	62022CJ0391
C-396/22	ECLI:EU:C:2023:1029	62022CJ0396
C-400/22	ECLI:EU:C:2024:436	62022CJ0400
C-407/22	ECLI:EU:C:2023:392	62022CJ0407
C-409/22	ECLI:EU:C:2024:600	62022CJ0409
C-415/22	ECLI:EU:C:2023:881	62022CJ0415
C-420/22	ECLI:EU:C:2024:344	62022CJ0420
C-422/22	ECLI:EU:C:2023:869	62022CJ0422
C-432/22	ECLI:EU:C:2024:987	62022CJ0432
C-433/22	ECLI:EU:C:2024:25	62022CJ0433
C-438/22	ECLI:EU:C:2024:71	62022CJ0438
C-441/22	ECLI:EU:C:2023:970	62022CJ0441
C-442/22	ECLI:EU:C:2024:100	62022CJ0442
C-451/22	ECLI:EU:C:2024:54	62022CJ0451
C-461/22	ECLI:EU:C:2024:607	62022CJ0461
C-472/22	ECLI:EU:C:2023:880	62022CJ0472
C-474/22	ECLI:EU:C:2024:73	62022CJ0474
C-497/22	ECLI:EU:C:2023:873	62022CJ0497
C-505/22	ECLI:EU:C:2023:731	62022CJ0505
C-509/22	ECLI:EU:C:2024:341	62022CJ0509
C-518/22	ECLI:EU:C:2023:956	62022CJ0518
C-538/22	ECLI:EU:C:2024:568	62022CJ0538
C-558/22	ECLI:EU:C:2024:209	62022CJ0558
C-562/22	ECLI:EU:C:2024:55	62022CJ0562
C-563/22	ECLI:EU:C:2024:494	62022CJ0563
C-582/22	ECLI:EU:C:2024:213	62022CJ0582
C-591/22	ECLI:EU:C:2023:799	62022CJ0591
C-598/22	ECLI:EU:C:2024:597	62022CJ0598
C-608/22	ECLI:EU:C:2024:828	62022CJ0608
C-621/22	ECLI:EU:C:2024:858	62022CJ0621
C-631/22	ECLI:EU:C:2024:53	62022CJ0631
C-632/22	ECLI:EU:C:2024:601	62022CJ0632
C-649/22	ECLI:EU:C:2024:156	62022CJ0649
C-653/22	ECLI:EU:C:2023:912	62022CJ0653
C-654/22	ECLI:EU:C:2024:298	62022CJ0654
C-656/22	ECLI:EU:C:2024:56	62022CJ0656
C-671/22	ECLI:EU:C:2024:256	62022CJ0671
C-677/22	ECLI:EU:C:2025:58	62022CJ0677
C-683/22	ECLI:EU:C:2024:936	62022CJ0683
C-684/22	ECLI:EU:C:2024:345	62022CJ0684
C-695/22	ECLI:EU:C:2024:406	62022CJ0695
C-696/22	ECLI:EU:C:2024:499	62022CJ0696
C-700/22	ECLI:EU:C:2023:960	62022CJ0700
C-701/22	ECLI:EU:C:2024:891	62022CJ0701
C-717/22	ECLI:EU:C:2024:1041	62022CJ0717
C-719/22	ECLI:EU:C:2024:978	62022CJ0719
C-724/22	ECLI:EU:C:2024:182	62022CJ0724
C-733/22	ECLI:EU:C:2024:126	62022CJ0733
C-741/22	ECLI:EU:C:2024:732	62022CJ0741
C-743/22	ECLI:EU:C:2024:438	62022CJ0743
C-746/22	ECLI:EU:C:2024:403	62022CJ0746
C-760/22	ECLI:EU:C:2024:574	62022CJ0760
C-763/22	ECLI:EU:C:2025:199	62022CJ0763
C-791/22	ECLI:EU:C:2024:59	62022CJ0791
C-10/23	ECLI:EU:C:2024:259	62023CJ0010
C-11/23	ECLI:EU:C:2024:194	62023CJ0011
C-20/23	ECLI:EU:C:2024:389	62023CJ0020
C-22/23	ECLI:EU:C:2024:327	62023CJ0022
C-41/23	ECLI:EU:C:2024:554	62023CJ0041
C-48/23	ECLI:EU:C:2025:144	62023CJ0048
C-57/23	ECLI:EU:C:2025:905	62023CJ0057
C-61/23	ECLI:EU:C:2024:974	62023CJ0061
C-62/23	ECLI:EU:C:2024:502	62023CJ0062
C-68/23	ECLI:EU:C:2024:342	62023CJ0068
C-80/23	ECLI:EU:C:2024:991	62023CJ0080
C-83/23	ECLI:EU:C:2024:699	62023CJ0083
C-85/23	ECLI:EU:C:2024:161	62023CJ0085
C-86/23	ECLI:EU:C:2024:689	62023CJ0086
C-87/23	ECLI:EU:C:2024:570	62023CJ0087
C-88/23	ECLI:EU:C:2024:765	62023CJ0088
C-89/23	ECLI:EU:C:2024:333	62023CJ0089
C-104/23	ECLI:EU:C:2024:504	62023CJ0104
C-116/23	ECLI:EU:C:2024:292	62023CJ0116
C-122/23	ECLI:EU:C:2024:293	62023CJ0122
C-129/23	ECLI:EU:C:2024:995	62023CJ0129
C-135/23	ECLI:EU:C:2024:526	62023CJ0135
C-148/23	ECLI:EU:C:2024:555	62023CJ0148
C-159/23	ECLI:EU:C:2024:887	62023CJ0159
C-182/23	ECLI:EU:C:2024:604	62023CJ0182
C-184/23	ECLI:EU:C:2024:599	62023CJ0184
C-207/23	ECLI:EU:C:2024:352	62023CJ0207
C-217/23	ECLI:EU:C:2025:218	62023CJ0217
C-229/23	ECLI:EU:C:2024:505	62023CJ0229
C-239/23	ECLI:EU:C:2024:888	62023CJ0239
C-241/23	ECLI:EU:C:2024:392	62023CJ0241
C-242/23	ECLI:EU:C:2024:831	62023CJ0242
C-266/23	ECLI:EU:C:2024:506	62023CJ0266
C-286/23	ECLI:EU:C:2024:655	62023CJ0286
C-291/23	ECLI:EU:C:2024:938	62023CJ0291
C-296/23	ECLI:EU:C:2024:527	62023CJ0296
C-302/23	ECLI:EU:C:2024:905	62023CJ0302
C-324/23	ECLI:EU:C:2025:324	62023CJ0324
C-349/23	ECLI:EU:C:2024:889	62023CJ0349
C-350/23	ECLI:EU:C:2024:771	62023CJ0350
C-370/23	ECLI:EU:C:2024:972	62023CJ0370
C-375/23	ECLI:EU:C:2024:572	62023CJ0375
C-376/23	ECLI:EU:C:2025:20	62023CJ0376
C-379/23	ECLI:EU:C:2024:1002	62023CJ0379
C-385/23	ECLI:EU:C:2024:497	62023CJ0385
C-388/23	ECLI:EU:C:2024:1022	62023CJ0388
C-389/23	ECLI:EU:C:2024:1001	62023CJ0389
C-403/23	ECLI:EU:C:2024:805	62023CJ0403
C-408/23	ECLI:EU:C:2024:901	62023CJ0408
C-411/23	ECLI:EU:C:2024:498	62023CJ0411
C-414/23	ECLI:EU:C:2025:350	62023CJ0414
C-422/23	ECLI:EU:C:2025:592	62023CJ0422
C-429/23	ECLI:EU:C:2024:742	62023CJ0429
C-475/23	ECLI:EU:C:2024:866	62023CJ0475
C-481/23	ECLI:EU:C:2025:259	62023CJ0481
C-494/23	ECLI:EU:C:2024:848	62023CJ0494
C-530/23	ECLI:EU:C:2025:322	62023CJ0530
C-536/23	ECLI:EU:C:2025:293	62023CJ0536
C-538/23	ECLI:EU:C:2025:367	62023CJ0538
C-582/23	ECLI:EU:C:2025:518	62023CJ0582
C-584/23	ECLI:EU:C:2025:261	62023CJ0584
C-589/23	ECLI:EU:C:2025:173	62023CJ0589
C-591/23	ECLI:EU:C:2024:1053	62023CJ0591
C-596/23	ECLI:EU:C:2024:1044	62023CJ0596
C-602/23	ECLI:EU:C:2025:290	62023CJ0602
C-630/23	ECLI:EU:C:2025:302	62023CJ0630
C-631/23	ECLI:EU:C:2025:906	62023CJ0631
C-635/23	ECLI:EU:C:2025:546	62023CJ0635
C-636/23	ECLI:EU:C:2025:603	62023CJ0636
C-638/23	ECLI:EU:C:2025:127	62023CJ0638
C-642/23	ECLI:EU:C:2025:12	62023CJ0642
C-645/23	ECLI:EU:C:2025:454	62023CJ0645
C-653/23	ECLI:EU:C:2025:517	62023CJ0653
C-674/23	ECLI:EU:C:2025:113	62023CJ0674
C-677/23	ECLI:EU:C:2025:37	62023CJ0677
C-682/23	ECLI:EU:C:2025:827	62023CJ0682
C-685/23	ECLI:EU:C:2025:398	62023CJ0685
C-699/23	ECLI:EU:C:2025:297	62023CJ0699
C-710/23	ECLI:EU:C:2025:231	62023CJ0710
C-717/23	ECLI:EU:C:2025:351	62023CJ0717
C-726/23	ECLI:EU:C:2025:646	62023CJ0726
C-733/23	ECLI:EU:C:2025:515	62023CJ0733
C-749/23	ECLI:EU:C:2025:405	62023CJ0749
C-760/23	ECLI:EU:C:2025:828	62023CJ0760
C-762/23	ECLI:EU:C:2025:400	62023CJ0762
C-782/23	ECLI:EU:C:2025:353	62023CJ0782
C-783/23	ECLI:EU:C:2025:547	62023CJ0783
C-802/23	ECLI:EU:C:2025:688	62023CJ0802
C-807/23	ECLI:EU:C:2025:234	62023CJ0807
C-808/23	ECLI:EU:C:2025:516	62023CJ0808
C-809/23	ECLI:EU:C:2025:195	62023CJ0809
C-6/24	ECLI:EU:C:2025:333	62024CJ0006
C-8/24	ECLI:EU:C:2026:210	62024CJ0008
C-37/24	ECLI:EU:C:2025:551	62024CJ0037
C-45/24	ECLI:EU:C:2026:2	62024CJ0045
C-57/24	ECLI:EU:C:2025:217	62024CJ0057
C-82/24	ECLI:EU:C:2025:396	62024CJ0082
C-99/24	ECLI:EU:C:2025:563	62024CJ0099
C-110/24	ECLI:EU:C:2025:768	62024CJ0110
C-117/24	ECLI:EU:C:2025:872	62024CJ0117
C-120/24	ECLI:EU:C:2025:174	62024CJ0120
C-129/24	ECLI:EU:C:2026:5	62024CJ0129
C-134/24	ECLI:EU:C:2025:839	62024CJ0134
C-142/24	ECLI:EU:C:2025:873	62024CJ0142
C-164/24	ECLI:EU:C:2025:241	62024CJ0164
C-184/24	ECLI:EU:C:2025:997	62024CJ0184
C-186/24	ECLI:EU:C:2025:211	62024CJ0186
C-202/24	ECLI:EU:C:2024:649	62024CJ0202
C-212/24	ECLI:EU:C:2025:341	62024CJ0212
C-213/24	ECLI:EU:C:2025:238	62024CJ0213
C-218/24	ECLI:EU:C:2025:794	62024CJ0218
C-221/24	ECLI:EU:C:2025:818	62024CJ0221
C-236/24	ECLI:EU:C:2025:321	62024CJ0236
C-246/24	ECLI:EU:C:2025:295	62024CJ0246
C-268/24	ECLI:EU:C:2025:526	62024CJ0268
C-276/24	ECLI:EU:C:2025:554	62024CJ0276
C-279/24	ECLI:EU:C:2025:942	62024CJ0279
C-284/24	ECLI:EU:C:2025:741	62024CJ0284
C-287/24	ECLI:EU:C:2025:550	62024CJ0287
C-310/24	ECLI:EU:C:2025:406	62024CJ0310
C-313/24	ECLI:EU:C:2026:91	62024CJ0313
C-323/24	ECLI:EU:C:2025:983	62024CJ0323
C-325/24	ECLI:EU:C:2025:989	62024CJ0325
C-330/24	ECLI:EU:C:2025:296	62024CJ0330
C-341/24	ECLI:EU:C:2025:693	62024CJ0341
C-345/24	ECLI:EU:C:2025:1009	62024CJ0345
C-349/24	ECLI:EU:C:2025:397	62024CJ0349
C-351/24	ECLI:EU:C:2025:215	62024CJ0351
C-370/24	ECLI:EU:C:2025:300	62024CJ0370
C-375/24	ECLI:EU:C:2025:624	62024CJ0375
C-384/24	ECLI:EU:C:2025:696	62024CJ0384
C-396/24	ECLI:EU:C:2025:460	62024CJ0396
C-399/24	ECLI:EU:C:2025:791	62024CJ0399
C-405/24	ECLI:EU:C:2025:335	62024CJ0405
C-413/24	ECLI:EU:C:2026:30	62024CJ0413
C-434/24	ECLI:EU:C:2026:247	62024CJ0434
C-461/24	ECLI:EU:C:2025:620	62024CJ0461
C-477/24	ECLI:EU:C:2026:182	62024CJ0477
C-500/24	ECLI:EU:C:2025:846	62024CJ0500
C-516/24	ECLI:EU:C:2026:185	62024CJ0516
C-535/24	ECLI:EU:C:2025:744	62024CJ0535
C-539/24	ECLI:EU:C:2025:919	62024CJ0539
C-540/24	ECLI:EU:C:2025:766	62024CJ0540
C-617/24	ECLI:EU:C:2025:908	62024CJ0617
C-639/24	ECLI:EU:C:2025:888	62024CJ0639
C-659/24	ECLI:EU:C:2025:796	62024CJ0659
C-746/24	ECLI:EU:C:2025:925	62024CJ0746
C-812/24	ECLI:EU:C:2026:38	62024CJ0812
C-135/25	ECLI:EU:C:2025:366	62025CJ0135
C-150/25	ECLI:EU:C:2026:188	62025CJ0150
